title,time,source,keywords,content,url
习近平对精神文明建设工作作出重要指示,未知时间,未知来源,"习近平, 精神文明, 建设, 工作, 作出","习近平对精神文明建设工作作出重要指示
2025-05-23 15:04:27　来源：新华社",https://world.hebnews.cn/2025-05/23/content_9344926.htm
中高考临近，请收下这份考前调适“锦囊”,未知时间,未知来源,"高考, 临近, 收下, 这份, 考前","中高考临近，请收下这份考前调适“锦囊”
2025-05-23 18:06:31　来源：新华网",https://world.hebnews.cn/2025-05/23/content_9345085.htm
,未知时间,未知来源,"禁招, 国际, 学生, 特朗普, 政府","禁招国际学生 特朗普政府对哈佛大学下狠手
2025-05-23 18:12:16　来源：新华网",https://world.hebnews.cn/2025-05/23/content_9345090.htm
202个全国文明城市(区)、60名(组)全国道德模范等受表彰,未知时间,未知来源,"新华社, 全国, 权威, 快报, 202","新华社权威快报丨202个全国文明城市（区）、60名（组）全国道德模范等受表彰
2025-05-23 19:56:52　来源：新华社",https://world.hebnews.cn/2025-05/23/content_9345164.htm
,未知时间,未知来源,"个人信息, 泄露, 我国, 推广应用, 国家","个人信息防泄露！我国将推广应用国家网络身份认证公共服务
2025-05-23 18:06:42　来源：新华社",https://world.hebnews.cn/2025-05/23/content_9345087.htm
国家医保局：推动100余项新治疗项目加快进入临床,未知时间,未知来源,"23, 国家, 医保, 推动, 100","国家医保局：推动100余项新治疗项目加快进入临床
2025-05-23 16:00:23　来源：央视新闻客户端",https://world.hebnews.cn/2025-05/23/content_9344975.htm
神二十乘组首次出舱 为何半夜起床关门？,未知时间,未知来源,"太空, 记者, 二十, 乘组, 首次","太空记者说丨神二十乘组首次出舱 为何半夜起床关门？
2025-05-23 20:03:15　来源：央视新闻",https://world.hebnews.cn/2025-05/23/content_9345170.htm
"""央企内推""""直签保录""?当心就业不成遭欺诈",未知时间,未知来源,"民生, 直通车, 央企内, 直签, 保录","民生直通车丨“央企内推”“直签保录”？当心就业不成遭欺诈
2025-05-23 19:53:45　来源：新华网",https://world.hebnews.cn/2025-05/23/content_9345158.htm
警惕身边的“隐形烟害”：二手烟与三手烟的健康威胁,未知时间,未知来源,"健康, 警惕, 身边, 隐形, 烟害","警惕身边的“隐形烟害”：二手烟与三手烟的健康威胁 | 科普时间
2025-05-23 20:19:57　来源：健康中国",https://world.hebnews.cn/2025-05/23/content_9345179.htm
202个全国文明城市（区）、60名（组）全国道德模范等受表彰,未知时间,未知来源,"全国, 202, 文明城市, 60, 道德","202个全国文明城市（区）、60名（组）全国道德模范等受表彰
2025-05-23 10:30:48　来源：新华社",https://world.hebnews.cn/2025-05/23/content_9344842.htm
